交易对,操作,成交时间,成交价格,成交数量,仓位（USDT）,已实现盈亏（USDT）
SPCX/USDT,买入,2026/07/01/15/45/31,171.13,5.83,997.69,0
TSLA/USDT,卖出,2026/07/02/15/35/11,423.13,3.61,1527.5,50.19
SPCX/USDT,买入,2026/07/03/00/31/49,156.33,3.85,601.87,0
SPCX/USDT,买入,2026/07/07/01/38/26,160.09,13.82,2212.44,0
SPCX/USDT,买入,2026/07/07/22/25/55,151.2,6.59,996.41,0
SPCX/USDT,买入,2026/07/09/02/02/23,146.54,13.58,1990.01,0
ETH/USDT,卖出,2026/07/10/20/35/44,1797.79,1.66,2989.72,0
ETH/USDT,买入,2026/07/13/13/23/32,1780.16,1.66,2960.41,29.32
SPCX/USDT,卖出,2026/07/13/22/08/44,138,312.48,43123.18,-773.71
SPCX/USDT,强平买入,2026/07/13/22/16/20,139.81,268.81,37582.33,-483.86
MU/USDT,买入,2026/07/15/10/51/02,997,3.49,3479.53,0
MU/USDT,买入,2026/07/16/06/49/37,894.31,5.56,4972.37,0
MU/USDT,买入,2026/07/17/18/23/37,846,5.88,4974.48,0
TSLA/USDT,买入,2026/07/20/22/10/55,376.3,0.79,297.28,0
TSLA/USDT,卖出,2026/07/20/22/14/16,376.01,0.79,297.05,-0.23
TSLA/USDT,买入,2026/07/20/22/16/18,375.4,7.88,2958.15,0
MUU/USDT,卖出,2026/07/20/23/17/54,29.4,19.55,574.77,0
MUU/USDT,买入,2026/07/20/23/31/36,29.69,57.31,1701.74,5.83
MUU/USDT,卖出,2026/07/20/23/57/21,30,37.76,1132.8,0
BTC/USDT,卖出,2026/07/21/02/10/35,65564.2,0.02,1055.58,0
MUU/USDT,卖出,2026/07/21/13/46/28,30.75,33.88,1041.81,0
MUU/USDT,买入,2026/07/21/15/11/31,31.55,33.88,1069,-27.19
MUU/USDT,卖出,2026/07/22/00/38/18,35.43,30.7,1087.7,0
MUU/USDT,买入,2026/07/22/01/55/03,35.24,30.7,1081.99,5.72
MUU/USDT,卖出,2026/07/22/13/26/36,33.94,36.78,1248.31,0
MUU/USDT,买入,2026/07/22/14/04/34,33.39,36.78,1228.16,20.15
MUU/USDT,买入,2026/07/22/19/17/51,33.12,140.17,4642.66,0
MUU/USDT,卖出,2026/07/22/19/21/00,33.1,140.17,4639.8,-2.85
MUU/USDT,卖出,2026/07/22/19/23/18,33.16,2,66.32,0
MUU/USDT,买入,2026/07/22/19/32/14,32.97,2,65.94,0.38
MUU/USDT,卖出,2026/07/22/19/32/53,32.93,61.45,2023.55,0
MUU/USDT,买入,2026/07/22/20/05/59,32.25,61.45,1981.57,41.98
TSLA/USDT,买入,2026/07/23/07/39/49,358.9,0.55,197.4,0
TSLA/USDT,买入,2026/07/23/07/51/37,359,5.88,2110.92,0
MUU/USDT,卖出,2026/07/23/11/28/33,35,29.33,1026.55,0
BTC/USDT,买入,2026/07/23/12/21/58,65659.3,0.02,1057.11,-1.53
MUU/USDT,买入,2026/07/23/13/33/19,35.92,29.33,1053.53,-26.98
MUU/USDT,卖出,2026/07/23/16/47/47,36.19,39.1,1415.03,0
MUU/USDT,买入,2026/07/23/18/12/22,36.44,39.1,1424.89,-9.86
TSLA/USDT,买入,2026/07/23/19/51/16,349.78,3.41,1192.75,0
MUU/USDT,买入,2026/07/23/20/42/33,34.65,25.28,875.95,0
TSLA/USDT,买入,2026/07/23/21/34/33,339.11,8.1,2746.79,0
MUU/USDT,卖出,2026/07/23/21/36/26,35.83,25.28,905.77,29.82
TSLA/USDT,买入,2026/07/23/23/06/16,322.55,5.35,1725.64,0
MUU/USDT,卖出,2026/07/23/23/08/32,36.44,16.6,604.9,0
MUU/USDT,卖出,2026/07/24/00/42/19,37.63,16.67,627.29,0
MUU/USDT,买入,2026/07/24/01/04/49,36.67,33.27,1219.87,12.33
TSLA/USDT,买入,2026/07/24/01/38/55,321.24,3.14,1008.7,0
MUU/USDT,卖出,2026/07/24/17/59/35,35.6,28.17,1002.85,0
MUU/USDT,买入,2026/07/24/18/43/47,35.09,28.17,988.5,14.35
MU/USDT,买入,2026/07/24/22/17/47,925.33,2.26,2091.25,0
TSLA/USDT,买入,2026/07/25/01/06/10,309.12,3.04,939.72,0
MUU/USDT,买入,2026/07/25/02/42/10,30.64,28.75,880.9,0
MU/USDT,买入,2026/07/25/03/51/48,912.37,1.2,1094.84,0
MUU/USDT,卖出,2026/07/25/04/18/24,31.54,28.75,906.76,25.86
MU/USDT,买入,2026/07/25/07/40/31,908.73,3.39,3080.59,0
MU/USDT,买入,2026/07/27/22/13/34,881,2.27,1999.87,0
TSLA/USDT,买入,2026/07/28/02/19/30,306.59,3.26,999.48,0
MU/USDT,买入,2026/07/28/21/39/15,820,3.6,2952,0
MUU/USDT,卖出,2026/07/28/23/21/16,24.44,80,1955.2,0
MUU/USDT,强平买入,2026/07/28/23/46/57,25.64,80,2051.2,-96
MU/USDT,卖出,2026/07/29/08/13/55,854.96,2.76,2359.69,-100.35
MUU/USDT,卖出,2026/07/29/08/38/55,25.08,41.22,1033.8,0
MUU/USDT,买入,2026/07/29/08/49/09,25.21,41.22,1039.15,-5.35
MU/USDT,买入,2026/07/29/12/06/02,773,2.77,2141.21,0
MUU/USDT,卖出,2026/07/29/12/49/51,21.54,48,1033.92,0
MUU/USDT,买入,2026/07/29/12/54/44,22.25,48,1067.79,-33.87
MU/USDT,买入,2026/07/30/03/39/48,750,2.52,1890,0
TSLA/USDT,买入,2026/07/30/04/08/10,298.23,3.35,999.07,0
MU/USDT,买入,2026/07/30/05/16/13,710,7.04,4998.4,0
MU/USDT,卖出,2026/07/31/21/34/44,924.39,37.22,34405.8,3191.29
CRCL/USDT,卖出,2026/08/03/20/01/02,59.06,14,826.84,0
MU/USDT,买入,2026/08/03/22/26/53,810,2.56,2073.6,0
MU/USDT,卖出,2026/08/04/00/58/14,823.07,2.56,2107.06,33.46
MU/USDT,买入,2026/08/04/02/38/15,825,6.06,4999.5,0
CRCL/USDT,买入,2026/08/04/21/35/36,63.06,14,882.84,-56
MU/USDT,卖出,2026/08/04/21/37/38,865.34,6.06,5243.96,244.46
GOOGL/USDT,买入,2026/08/04/22/49/44,375,16,6000,0
GOOGL/USDT,卖出,2026/08/05/00/10/38,376,16,6016.01,16.01
QQQ/USDT,买入,2026/08/05/05/58/54,721.89,13.88,10019.83,0
GOOGL/USDT,买入,2026/08/06/00/05/38,365,8.21,2996.65,0
GOOGL/USDT,买入,2026/08/06/23/10/29,360.05,5.55,1998.28,0
MU/USDT,买入,2026/08/08/00/23/48,870,5.74,4993.8,0
GOOGL/USDT,买入,2026/08/11/00/14/48,355,2.81,997.55,0
GOOGL/USDT,买入,2026/08/12/11/27/19,345.8,2.89,999.36,0
MU/USDT,卖出,2026/08/12/23/18/45,926.91,5.74,5320.45,326.65
GOOGL/USDT,买入,2026/08/13/01/31/33,343,3.21,1101.03,0
HK1810/USDT,开多,2026/08/14/14/14/29,25.7,77.91,2002.29,0
GOOGL/USDT,买入,2026/08/14/23/02/47,346,2.89,999.94,0
SPCX/USDT,开空,2026/08/16/21/50/24,139.65,24.99,3489.85,0
GOOGL/USDT,买入,2026/08/17/22/23/10,345,2.89,997.05,0
SPCX/USDT,开空,2026/08/17/23/37/47,149,4.68,697.32,0
HK1810/USDT,开多,2026/08/18/09/30/00,25.8,38.75,999.75,0
BTC/USDT,开多,2026/08/19/08/56/57,64493.2,0,64.49,0
BTC/USDT,平多,2026/08/19/14/39/46,64264.7,0,64.26,-0.23
SOXL/USDT,买入,2026/08/19/21/00/02,135.06,22.21,2999.68,0
SOXL/USDT,卖出,2026/08/19/21/30/31,130.9,22.21,2907.32,-92.36
BTC/USDT,买入,2026/08/20/08/05/12,69500,0.07,4997.05,0
BTC/USDT,卖出,2026/08/20/09/32/49,69349.9,0.07,4986.26,-10.79
HK1810/USDT,平多,2026/08/20/10/13/05,28.33,116.66,3304.89,302.86
HK1810/USDT,开多,2026/08/20/13/42/40,28.1,71.17,1999.88,0
BTC/USDT,卖出,2026/08/20/16/55/00,71754.4,0.18,12779.46,0
BTC/USDT,买入,2026/08/20/16/55/22,71766.3,0.18,12781.58,-2.12
BTC/USDT,买入,2026/08/20/18/25/15,72153,0.07,4992.99,0
TSLA/USDT,卖出,2026/08/20/20/04/39,347,43.96,15254.23,375.61
GOOGL/USDT,买入,2026/08/20/23/30/36,339.62,2.94,998.48,0
QQQ/USDT,买入,2026/08/20/23/41/18,711.41,17.39,12371.42,0
BTC/USDT,卖出,2026/08/20/23/47/23,72249.9,0.07,4999.69,6.71
BTC/USDT,卖出,2026/08/21/00/41/07,72500,0.03,1993.75,0
BTC/USDT,买入,2026/08/21/12/33/35,74950.5,0.03,2061.14,-67.39
HK1810/USDT,平多,2026/08/21/12/34/15,28.73,71.17,2044.38,44.5
SPCX/USDT,平空,2026/08/21/13/22/39,134.29,29.67,3984.38,202.79
BTC/USDT,开空,2026/08/21/14/15/40,75299.6,0.02,1430.69,0
BTC/USDT,平空,2026/08/21/15/17/20,76747,0.02,1458.19,-27.5
HK1810/USDT,开多,2026/08/21/17/22/26,28.7,121.95,3499.97,0
CXMT/USDT,开空,2026/08/21/19/17/19,8.56,112.14,959.92,0
GOOGL/USDT,买入,2026/08/21/21/06/36,343.5,2.92,1003.02,0
BTC/USDT,买入,2026/08/21/21/52/04,77500,0.06,4998.75,0
BTC/USDT,卖出,2026/08/21/22/21/35,76656.4,0.06,4944.34,-54.41
SPCX/USDT,开空,2026/08/21/23/05/16,136,10.29,1399.44,0
CRCL/USDT,开多,2026/08/22/11/12/18,90,17.77,1599.3,0
CXMT/USDT,平空,2026/08/24/10/58/35,8.31,112.14,931.77,28.14
GOOGL/USDT,买入,2026/08/25/22/26/39,346.99,2.88,999.33,0
SPCX/USDT,开空,2026/08/25/22/30/25,137.8,5.07,698.65,0
GOOGL/USDT,买入,2026/08/26/21/47/10,344,2.9,997.6,0
GOOGL/USDT,买入,2026/08/27/21/27/40,340.5,0.38,129.39,0
QQQ/USDT,卖出,2026/08/27/22/48/42,718.21,31.27,22458.43,67.17
CRCL/USDT,平多,2026/08/28/00/41/17,95.86,17.77,1703.43,104.13
GOOGL/USDT,买入,2026/08/28/00/41/35,341.5,2.92,997.18,0
MU/USDT,买入,2026/08/28/00/44/12,915.5,4.91,4495.11,0
HK1810/USDT,开多,2026/08/28/09/20/20,27.58,25.38,699.98,0
SPCX/USDT,开空,2026/08/28/23/09/17,142.61,4.9,698.79,0
CXMT/USDT,开空,2026/08/28/23/35/14,8.85,271.06,2399.97,0
CXMT/USDT,开空,2026/08/30/20/59/24,9.02,88.71,799.99,0
MRVL/USDT,买入,2026/08/31/01/07/13,217.83,1.37,298.43,0
HK1810/USDT,开多,2026/08/31/09/35/01,27.6,25.36,699.94,0
MRVL/USDT,买入,2026/08/31/15/18/10,216.6,6,1299.6,0
GOOGL/USDT,买入,2026/08/31/22/03/44,340,2.94,999.6,0
CXMT/USDT,平空,2026/09/01/14/20/29,8.43,359.77,3033.57,166.38
MU/USDT,卖出,2026/09/01/15/52/25,957.31,4.91,4700.39,205.29
MRVL/USDT,买入,2026/09/03/01/04/08,206.3,5.81,1198.6,0
AVGO/USDT,买入,2026/09/03/12/22/37,363,8.26,2998.38,0
AVGO/USDT,买入,2026/09/03/21/59/47,344.5,2.9,999.05,0
SPCX/USDT,开空,2026/09/03/22/12/07,148.07,7.05,1043.89,0
SPCX/USDT,开空,2026/09/05/18/03/57,149.07,9.39,1399.77,0
BNB/USDT,开多,2026/09/06/22/20/46,747,2.4,1792.8,0
HK1810/USDT,开多,2026/09/07/11/33/22,27.4,25.54,699.8,0
HK1810/USDT,开多,2026/09/08/10/08/42,27.18,25.84,702.33,0
HK1810/USDT,开多,2026/09/08/10/15/11,27.08,51.69,1399.77,0
BNB/USDT,平多,2026/09/08/15/54/12,755.71,2.4,1813.7,20.9
COST/USDT,开多,2026/09/08/22/06/58,912.25,2.3,2098.18,0
MRVL/USDT,卖出,2026/09/08/22/08/29,224.83,13.18,2963.22,166.59
AVGO/USDT,卖出,2026/09/08/22/10/21,368.3,11.16,4110.26,112.83
GOOGL/USDT,买入,2026/09/08/22/32/56,334.96,0.29,97.14,0
COST/USDT,开多,2026/09/08/22/48/08,912.42,1.53,1396,0
SPCX/USDT,开空,2026/09/08/23/40/55,152.99,9.15,1399.86,0
HK1810/USDT,开多,2026/09/09/12/18/37,26.37,39.81,1049.79,0
GOOGL/USDT,买入,2026/09/09/21/48/07,329.39,0.91,299.74,0
CRCL/USDT,买入,2026/09/10/03/12/50,93.77,3.1,290.69,0
CRCL/USDT,买入,2026/09/10/03/27/03,94,26.5,2491,0
CRCL/USDT,买入,2026/09/16/21/46/36,83,1.2,99.6,0
SPCX/USDT,开空,2026/09/16/21/47/59,149.66,4.67,698.91,0
CRCL/USDT,卖出,2026/09/16/21/59/57,81.49,30.8,2509.78,-371.51
SPCX/USDT,开空,2026/09/16/23/40/26,152.05,3.22,489.6,0
COST/USDT,开多,2026/09/17/10/53/52,897.2,0.78,699.82,0
NVDL/USDT,开多,2026/09/17/10/59/46,33,72.72,2399.76,0
NVDL/USDT,平多,2026/09/17/14/01/02,32.86,72.72,2389.84,-9.92
SPCX/USDT,开空,2026/09/17/23/23/25,154.07,4.54,699.48,0
BTC/USDT,买入,2026/09/18/12/49/29,77325.7,0,92.79,0
BTC/USDT,卖出,2026/09/18/12/59/07,77493.4,0,92.99,0.2
BTC/USDT,买入,2026/09/18/13/03/34,77459.3,0.01,697.13,0
HK1810/USDT,开多,2026/09/18/13/53/46,25.85,54.26,1402.62,0
CRWV/USDT,买入,2026/09/18/16/55/02,81.6,36.76,2999.62,0
BTC/USDT,卖出,2026/09/19/10/08/55,81288,0.01,731.59,34.46
CRCL/USDT,开多,2026/09/21/23/40/53,94,17.02,1599.88,0
CRWV/USDT,卖出,2026/09/22/13/52/47,84.27,36.76,3097.77,98.15
GOOGL/USDT,卖出,2026/09/22/18/29/02,357.82,47.53,17007.18,395.84
BTC/USDT,买入,2026/09/22/18/31/59,85780,0,197.29,0
GOOGL/USDT,开多,2026/09/22/18/38/37,357.68,13.97,4996.79,0
BTC/USDT,卖出,2026/09/22/18/40/01,85900,0,197.57,0.28
CRCL/USDT,开多,2026/09/22/18/40/47,92.64,8.63,799.48,0
GOOGL/USDT,开多,2026/09/22/19/04/34,357.55,13.98,4998.55,0
CRCL/USDT,平多,2026/09/22/21/48/43,95.73,25.65,2455.54,56.18
COST/USDT,开多,2026/09/22/21/54/03,898.65,0.38,341.49,0
SPCX/USDT,开空,2026/09/22/21/54/50,153.9,4.54,698.71,0
BE/USDT,开多,2026/09/22/21/59/36,277,3.61,999.97,0
CRCL/USDT,开多,2026/09/23/00/20/19,93.71,17.07,1599.63,0
GEV/USDT,开多,2026/09/23/00/27/06,953,0.06,57.18,0
GEV/USDT,平多,2026/09/23/01/12/28,955.39,0.06,57.32,0.14
CXMT/USDT,开空,2026/09/23/08/15/14,8.82,181.46,1599.93,0
CXMT/USDT,平空,2026/09/23/10/21/51,8.72,181.46,1582.24,17.7
CRCL/USDT,平多,2026/09/23/11/40/34,95.2,17.07,1625.06,25.43
META/USDT,卖出,2026/09/23/12/29/13,744.26,0.26,193.51,0
META/USDT,卖出,2026/09/23/13/58/21,741.1,1.08,800.39,0
HK1810/USDT,开多,2026/09/23/15/52/16,26.2,26.71,699.8,0
META/USDT,买入,2026/09/23/16/23/49,743.73,1.34,996.6,-2.7
CRCL/USDT,买入,2026/09/23/19/02/56,93.7,16.7,1564.79,0
ZHIPU/USDT,买入,2026/09/25/12/49/18,80.6,34.73,2799.24,0
ZHIPU/USDT,卖出,2026/09/25/16/39/18,81.82,34.73,2841.52,42.28
CRCL/USDT,买入,2026/09/25/19/08/36,93.99,21.4,2011.39,0
BE/USDT,平多,2026/09/25/23/59/23,289.76,3.61,1046.05,46.08
BE/USDT,买入,2026/09/29/03/50/46,262,9.54,2499.48,0
BE/USDT,卖出,2026/09/29/21/51/15,289.93,9.54,2765.9,266.42
CRCL/USDT,买入,2026/09/29/21/52/24,86.32,8.1,699.19,0
GOOGL/USDT,买入,2026/09/29/23/46/32,339,7.37,2498.43,0
GOOGL/USDT,卖出,2026/09/30/10/29/19,341.37,7.37,2515.9,17.47
CRCL/USDT,买入,2026/09/30/10/31/01,83.88,19,1593.72,0
GOOGL/USDT,买入,2026/09/30/21/27/40,345.3,11.59,4002.03,0
SPCX/USDT,开空,2026/09/30/23/38/16,151.03,4.63,699.27,0
HK1810/USDT,开多,2026/10/02/09/49/28,24,291.66,6999.84,0
AVGO/USDT,买入,2026/10/02/17/01/12,349.35,8.58,2997.42,0
AVGO/USDT,卖出,2026/10/02/23/09/32,353.8,8.58,3035.6,38.18
CRCL/USDT,买入,2026/10/03/02/05/07,81,19.7,1595.7,0
COST/USDT,平多,2026/10/03/13/13/17,916.89,4.99,4575.27,39.79
SPCX/USDT,平空,2026/10/05/22/29/10,167.58,67.45,11303.27,-1376.91
HK0992/USDT,开多,2026/10/07/14/25/25,34.91,60.15,2099.84,0
CRCL/USDT,买入,2026/10/07/22/26/52,80,37.5,3000,0
HK1810/USDT,买入,2026/10/08/16/05/13,23.68,169.17,4005.25,0
GOOGL/USDT,卖出,2026/10/08/19/27/59,348.31,11.59,4036.88,34.85
HK1810/USDT,卖出,2026/10/09/11/15/20,25.28,169.17,4277.49,272.24
